{
  "angle": {
    "q1": -0.19240286014999874,
    "q3": 0.13719812867500103,
    "iqr": 0.3296009888249998,
    "lower_bound": -1.181205826624998,
    "upper_bound": 1.1260010951500004,
    "robust_range": 2.3072069217749984,
    "min": -3.2523529190000033,
    "max": 4.004471577,
    "total_samples": 219999,
    "iqr_multiplier": 3.0
  },
  "disp": {
    "q1": -0.0075225,
    "q3": 0.0117115,
    "iqr": 0.019234,
    "lower_bound": -0.0652245,
    "upper_bound": 0.0694135,
    "robust_range": 0.134638,
    "min": -3.313374,
    "max": 2.670908,
    "total_samples": 219999,
    "iqr_multiplier": 3.0
  },
  "carrier": {
    "q1": -0.1373973325379632,
    "q3": 0.12970743745753177,
    "iqr": 0.267104769995495,
    "lower_bound": -0.9387116425244482,
    "upper_bound": 0.9310217474440168,
    "robust_range": 1.869733389968465,
    "min": -1.6467177657700924,
    "max": 3.015624580924875,
    "total_samples": 219999,
    "iqr_multiplier": 3.0
  },
  "vel_err": {
    "q1": -0.40856205013399727,
    "q3": 0.5590968243479302,
    "iqr": 0.9676588744819274,
    "lower_bound": -3.3115386735797796,
    "upper_bound": 3.4620734477937125,
    "robust_range": 6.773612121373493,
    "min": -121.53182477742206,
    "max": 109.61622439447196,
    "total_samples": 219999,
    "iqr_multiplier": 3.0
  },
  "env_tremor": {
    "q1": -0.00010141026696774947,
    "q3": 3.848203728965145e-05,
    "iqr": 0.00013989230425740093,
    "lower_bound": -0.0005210871797399522,
    "upper_bound": 0.00045815895006185423,
    "robust_range": 0.0009792461298018065,
    "min": -3.565070496415092,
    "max": 5.3381915972830525,
    "total_samples": 219999,
    "iqr_multiplier": 3.0
  },
  "tremor": {
    "q1": -0.011437358053069243,
    "q3": 0.006773581487840923,
    "iqr": 0.018210939540910166,
    "lower_bound": -0.06607017667579974,
    "upper_bound": 0.06140640011057142,
    "robust_range": 0.12747657678637117,
    "min": -2.220905493316748,
    "max": 3.142359715113193,
    "total_samples": 219999,
    "iqr_multiplier": 3.0
  },
  "envelope": {
    "q1": 0.004099252991614484,
    "q3": 0.6858240121781282,
    "iqr": 0.6817247591865137,
    "lower_bound": -2.0410750245679266,
    "upper_bound": 2.730998289737669,
    "robust_range": 4.772073314305596,
    "min": 0.0005983521928699664,
    "max": 1.8420348583048871,
    "total_samples": 219999,
    "iqr_multiplier": 3.0
  }
}