{
  "angle": {
    "min": -3.2523529190000033,
    "max": 4.004471577
  },
  "disp": {
    "min": -3.313374,
    "max": 2.670908
  },
  "carrier": {
    "min": -1.6467177535759705,
    "max": 3.0156245927013607
  },
  "vel_err": {
    "min": -121.53182476363524,
    "max": 109.61622447951423
  },
  "env_tremor": {
    "min": -3.5650705229886896,
    "max": 5.338191632153583
  },
  "tremor": {
    "min": -2.2209054959377275,
    "max": 3.142359725692751
  },
  "envelope": {
    "min": 0.0005983521822915086,
    "max": 1.8420348644807512
  }
}